venue,city,country,latitude,longitude
Arun Jaitley Stadium,Delhi,India,28.6377,77.2433
Narendra Modi Stadium,Ahmedabad,India,23.0918,72.5970
Wankhede Stadium,Mumbai,India,18.9389,72.8258
M Chinnaswamy Stadium,Bengaluru,India,12.9788,77.5996
MA Chidambaram Stadium,Chennai,India,13.0627,80.2792
Eden Gardens,Kolkata,India,22.5646,88.3433
Rajiv Gandhi International Cricket Stadium,Hyderabad,India,17.4065,78.5505
Greenfield International Stadium,Thiruvananthapuram,India,8.5239,76.8756
Kensington Oval,Bridgetown,Barbados,13.0878,-59.6167
Providence Stadium,Georgetown,Guyana,6.8013,-58.1551
Warner Park,Basseterre,Saint Kitts and Nevis,17.3026,-62.7177
Brian Lara Cricket Academy,Trinidad,Trinidad and Tobago,10.4190,-61.5080
Daren Sammy Cricket Ground,Gros Islet,Saint Lucia,14.0660,-60.9510
Sabina Park,Kingston,Jamaica,17.9715,-76.7936